x	y	ticker	subreddit
-17.994999	0.4262823	F	wallstreetbets
-20.303484	2.7361622	F	wallstreetbets
-20.271847	2.6827087	F	wallstreetbets
-12.403494	-0.7539561	F	wallstreetbets
-20.116909	2.4889977	F	wallstreetbets
-12.48174	-0.4032391	F	wallstreetbets
-4.359881	-1.1147475	F	wallstreetbets
-20.33139	2.9493165	F	wallstreetbets
-18.93261	2.7255816	F	wallstreetbets
-14.115763	1.512336	F	wallstreetbets
-20.127739	3.0467517	F	wallstreetbets
-20.202276	2.9476535	F	wallstreetbets
18.654907	25.65776	F	wallstreetbets
-9.662024	0.69002974	F	wallstreetbets
-18.22114	3.0220983	F	wallstreetbets
-16.755798	2.8903296	F	wallstreetbets
-20.036337	3.1443079	F	wallstreetbets
-11.421673	4.8782573	GME	wallstreetbets
-16.982672	0.00033260987	GME	wallstreetbets
-20.07031	2.466168	GME	wallstreetbets
-20.085226	2.5473738	GME	wallstreetbets
-11.489265	4.9023614	GME	wallstreetbets
-16.647636	-0.088466205	GME	wallstreetbets
-5.1637816	-3.5340972	GME	wallstreetbets
-5.124834	-3.575389	GME	wallstreetbets
-11.471244	4.8946853	GME	wallstreetbets
20.034763	22.816626	GME	wallstreetbets
-4.254401	-1.6672417	GME	wallstreetbets
-5.2022657	-3.5356166	GME	wallstreetbets
20.090809	22.934696	GME	wallstreetbets
-17.412016	0.32216996	GME	wallstreetbets
-17.967793	0.45301116	GME	wallstreetbets
-18.503191	0.9209543	GME	wallstreetbets
20.086098	22.932873	GME	wallstreetbets
-9.286314	33.294895	GME	wallstreetbets
5.8472233	-3.8657086	GME	wallstreetbets
4.4890475	0.1060468	GME	wallstreetbets
18.59797	21.427448	GME	wallstreetbets
-17.872482	0.48014128	GME	wallstreetbets
-16.919416	-0.052750617	GME	wallstreetbets
-19.683578	2.1164405	GME	wallstreetbets
-8.803151	0.4566782	GME	wallstreetbets
8.540728	-0.8578176	GME	wallstreetbets
-18.874352	1.3158789	GME	wallstreetbets
-19.036581	2.2801883	GME	wallstreetbets
-16.138647	0.83940285	GME	wallstreetbets
-19.851805	2.5111535	GME	wallstreetbets
19.996746	22.75588	GME	wallstreetbets
4.7209363	-0.21105886	GME	wallstreetbets
2.7734656	-29.632002	GME	wallstreetbets
18.105665	21.582785	GME	wallstreetbets
20.035816	22.874699	GME	wallstreetbets
-5.160369	1.4056903	GME	wallstreetbets
18.695269	20.966522	GME	wallstreetbets
-9.288853	33.373714	GME	wallstreetbets
-4.377835	-1.7924296	GME	wallstreetbets
-16.381275	0.27707154	GME	wallstreetbets
-19.1257	2.8378165	GME	wallstreetbets
11.970276	-2.4844663	GME	wallstreetbets
-14.877515	2.2386281	GME	wallstreetbets
2.6541843	-29.0952	GME	wallstreetbets
-10.350288	33.24544	GME	wallstreetbets
-13.442753	1.0238217	GME	wallstreetbets
-5.071381	1.79218	GME	wallstreetbets
8.630878	-1.7184737	GME	wallstreetbets
17.881607	21.912592	GME	wallstreetbets
17.69138	23.21468	GME	wallstreetbets
18.754179	20.978159	GME	wallstreetbets
-3.7486453	-0.7053023	GME	wallstreetbets
-2.9409058	-0.8395766	GME	wallstreetbets
23.738363	-22.543848	GME	wallstreetbets
2.5139022	-28.891893	GME	wallstreetbets
24.117659	-21.133953	GME	wallstreetbets
23.754087	-22.561008	GME	wallstreetbets
-9.783534	34.416737	GME	wallstreetbets
18.065172	20.814589	GME	wallstreetbets
2.7635038	-29.716438	GME	wallstreetbets
-17.80821	2.3423467	GME	wallstreetbets
5.9287553	-1.3126178	GME	wallstreetbets
-16.897339	2.8818407	GME	wallstreetbets
1.1248237	-30.821177	GME	wallstreetbets
17.803934	21.157656	GME	wallstreetbets
-17.668253	2.9785488	GME	wallstreetbets
8.848528	-2.268352	GME	wallstreetbets
17.584513	24.088696	GME	wallstreetbets
0.26400834	-0.34401086	GME	wallstreetbets
-17.085052	2.9165711	GME	wallstreetbets
-17.0418	2.9131289	GME	wallstreetbets
23.745277	-21.371822	GME	wallstreetbets
-18.785978	3.0589569	GME	wallstreetbets
18.002802	25.548252	GME	wallstreetbets
17.693258	22.126963	GME	wallstreetbets
0.94543344	-30.13999	GME	wallstreetbets
-10.984696	31.819197	GME	wallstreetbets
-17.284992	2.028221	GME	wallstreetbets
-13.46113	1.6814134	GME	wallstreetbets
23.461882	-21.821993	GME	wallstreetbets
2.3783827	-29.76556	GME	wallstreetbets
-20.074144	2.9753098	GME	wallstreetbets
-6.4606814	1.6031752	GME	wallstreetbets
9.8365965	-1.5794005	GME	wallstreetbets
4.259133	-0.17741533	GME	wallstreetbets
23.380777	-21.730558	GME	wallstreetbets
-0.02951149	-31.945068	GME	wallstreetbets
-5.6605635	0.8100145	GME	wallstreetbets
-6.895256	0.9548339	GME	wallstreetbets
-18.452387	3.091027	GME	wallstreetbets
3.7631745	-0.94545174	GME	wallstreetbets
-6.6101465	0.9308478	GME	wallstreetbets
-3.2411578	0.39387	GME	wallstreetbets
-10.97089	33.629333	GME	wallstreetbets
-0.08432281	-31.317747	GME	wallstreetbets
-20.076551	3.1363504	GME	wallstreetbets
3.9205325	-1.0068369	GME	wallstreetbets
2.3168616	-28.358908	GME	wallstreetbets
17.975574	25.462704	GME	wallstreetbets
2.278387	-0.6982169	GME	wallstreetbets
0.9175421	-0.45343834	GME	wallstreetbets
23.621918	-21.77059	GME	wallstreetbets
-10.70539	1.1736517	GME	wallstreetbets
2.2973018	-28.42417	GME	wallstreetbets
-18.617832	3.0941849	GME	wallstreetbets
8.894292	-2.403044	GME	wallstreetbets
-9.929696	1.1618532	GME	wallstreetbets
0.93289846	-29.473888	GME	wallstreetbets
-15.535906	2.572765	GME	wallstreetbets
10.985191	-2.7888906	GME	wallstreetbets
24.03116	-21.767748	GME	wallstreetbets
0.10371221	-31.06994	GME	wallstreetbets
23.629194	-21.795036	GME	wallstreetbets
-19.650589	2.7325163	GME	wallstreetbets
1.389744	-30.46341	GME	wallstreetbets
17.833618	20.829426	GME	wallstreetbets
-17.167076	2.8839793	GME	wallstreetbets
-16.300827	2.7452629	GME	wallstreetbets
2.4060473	-28.823883	GME	wallstreetbets
1.4373661	-29.992325	GME	wallstreetbets
-16.436106	2.7881284	GME	wallstreetbets
-16.176537	2.7759097	GME	wallstreetbets
0.616418	-29.547749	GME	wallstreetbets
2.1496255	-28.361898	GME	wallstreetbets
0.58831507	-29.573128	GME	wallstreetbets
23.601515	-22.217726	GME	wallstreetbets
24.32834	-22.350203	GME	wallstreetbets
0.4360319	-29.530163	GME	wallstreetbets
17.5187	22.007315	GME	wallstreetbets
-1.7640865	-33.027397	GME	wallstreetbets
0.94842833	-29.011099	GME	wallstreetbets
17.678326	20.950274	GME	wallstreetbets
17.445232	22.905756	GME	wallstreetbets
10.813591	-2.8581986	GME	wallstreetbets
-14.546239	2.288907	GME	wallstreetbets
23.60798	-22.24834	GME	wallstreetbets
-14.597871	2.297452	GME	wallstreetbets
3.0475643	-0.840726	GME	wallstreetbets
-17.436436	3.064386	GME	wallstreetbets
-13.770535	2.0676777	GME	wallstreetbets
-10.975622	35.537895	GME	wallstreetbets
-10.970318	35.518707	GME	wallstreetbets
2.9401007	-0.82380366	GME	wallstreetbets
-15.594687	2.6026127	GME	wallstreetbets
-10.897211	34.923588	GME	wallstreetbets
-10.959936	35.44336	GME	wallstreetbets
0.4540707	-31.402887	GME	wallstreetbets
-10.905744	33.11674	GME	wallstreetbets
-6.8398438	0.9910868	GME	wallstreetbets
-19.649649	3.185553	GME	wallstreetbets
-14.736239	2.2772014	GME	wallstreetbets
-5.9207964	1.331019	GME	wallstreetbets
-3.66501	-35.08174	GME	wallstreetbets
-11.754182	1.5199409	GME	wallstreetbets
18.483469	25.74861	GME	wallstreetbets
-10.524455	35.10944	GME	wallstreetbets
-4.6883016	0.75514156	GME	wallstreetbets
7.7917943	-1.7627969	GME	wallstreetbets
17.86117	25.027737	GME	wallstreetbets
17.766096	22.662945	GME	wallstreetbets
-10.866472	34.219036	GME	wallstreetbets
-16.954702	2.9694428	GME	wallstreetbets
23.577293	-22.09579	GME	wallstreetbets
-5.772484	0.95842814	GME	wallstreetbets
-10.63892	34.917618	GME	wallstreetbets
17.896261	25.349117	GME	wallstreetbets
17.480164	23.965258	GME	wallstreetbets
17.500345	21.640871	GME	wallstreetbets
3.8325331	-1.0854734	GME	wallstreetbets
-5.018901	0.6532318	GME	wallstreetbets
17.881258	25.543528	GME	wallstreetbets
-8.140179	1.0503962	GME	wallstreetbets
-9.869549	1.264817	GME	wallstreetbets
9.667637	-2.68325	GME	wallstreetbets
-11.292735	32.538383	GME	wallstreetbets
4.909157	-1.3259242	GME	wallstreetbets
-16.644217	2.9260206	GME	wallstreetbets
6.759872	-1.781435	GME	wallstreetbets
-11.238556	33.992733	GME	wallstreetbets
-1.6739538	-32.253063	GME	wallstreetbets
1.2824248	-0.5237083	GME	wallstreetbets
-11.003005	34.478424	GME	wallstreetbets
17.478361	23.966858	GME	wallstreetbets
-11.277328	32.187286	GME	wallstreetbets
-14.035478	2.1506948	GME	wallstreetbets
0.21777087	-0.3179407	GME	wallstreetbets
-11.035467	34.31574	GME	wallstreetbets
-1.1876029	-31.41714	GME	wallstreetbets
-11.009629	34.500584	GME	wallstreetbets
-2.5301175	-33.89332	GME	wallstreetbets
-12.913864	1.8370534	GME	wallstreetbets
2.305542	-0.72527695	GME	wallstreetbets
-0.49216416	-30.219358	GME	wallstreetbets
-11.275342	35.159473	GME	wallstreetbets
-0.40967992	-30.315964	GME	wallstreetbets
-2.2528517	-33.330315	GME	wallstreetbets
-11.325305	35.007423	GME	wallstreetbets
-11.051325	34.36843	GME	wallstreetbets
-2.274711	-33.33526	GME	wallstreetbets
6.8342905	-1.8058977	GME	wallstreetbets
-11.293627	35.155632	GME	wallstreetbets
1.2543381	-28.625866	GME	wallstreetbets
17.617338	21.082996	GME	wallstreetbets
-8.469284	1.067505	GME	wallstreetbets
-11.095581	32.456932	GME	wallstreetbets
-1.9953128	0.050875444	GME	wallstreetbets
-7.631028	0.9881989	GME	wallstreetbets
12.21032	-3.1102395	GME	wallstreetbets
-10.982347	34.266376	GME	wallstreetbets
-8.162027	1.0459043	GME	wallstreetbets
23.601591	-22.26749	GME	wallstreetbets
-1.023528	-32.37565	GME	wallstreetbets
17.615755	24.883537	GME	wallstreetbets
-12.217389	1.6447381	GME	wallstreetbets
-10.89281	34.81458	GME	wallstreetbets
23.643425	-21.615536	GME	wallstreetbets
-11.129922	32.225574	GME	wallstreetbets
-9.740044	1.193508	GME	wallstreetbets
12.010878	-2.9301424	GME	wallstreetbets
24.41186	-21.758629	GME	wallstreetbets
-11.171002	33.44811	GME	wallstreetbets
-4.3188167	0.62649316	GME	wallstreetbets
24.517622	-21.577524	GME	wallstreetbets
-13.975644	2.1330554	GME	wallstreetbets
-12.826409	1.7960119	GME	wallstreetbets
-1.9684235	-33.264454	GME	wallstreetbets
4.249081	-1.1721275	GME	wallstreetbets
-1.2319244	-31.92142	GME	wallstreetbets
8.759347	-2.4547296	GME	wallstreetbets
-0.50232995	-30.776466	GME	wallstreetbets
-17.724972	3.0837035	GME	wallstreetbets
-11.032505	35.386055	GME	wallstreetbets
8.479807	-2.3593812	GME	wallstreetbets
17.62621	20.774536	GME	wallstreetbets
-0.574485	-31.45012	GME	wallstreetbets
6.327821	-1.6620263	GME	wallstreetbets
-8.006021	1.0324047	GME	wallstreetbets
23.658438	-21.631079	GME	wallstreetbets
-11.137207	33.569626	GME	wallstreetbets
3.831216	-1.0491043	GME	wallstreetbets
-2.5593023	-33.94522	GME	wallstreetbets
7.821455	-2.0139222	GME	wallstreetbets
24.280499	-21.224562	GME	wallstreetbets
1.9827323	-28.251291	GME	wallstreetbets
-2.2090688	-33.608265	GME	wallstreetbets
23.736792	-21.378912	GME	wallstreetbets
-11.39068	31.279997	GME	wallstreetbets
-7.1469235	0.91617393	GME	wallstreetbets
-11.335115	32.628666	GME	wallstreetbets
10.342341	-2.8363454	GME	wallstreetbets
7.0744786	-1.8527526	GME	wallstreetbets
17.417902	23.43583	GME	wallstreetbets
-11.255312	32.794106	GME	wallstreetbets
-11.456018	34.33203	GME	wallstreetbets
24.515348	-21.617634	GME	wallstreetbets
17.488792	24.151611	GME	wallstreetbets
-11.043198	1.4069592	GME	wallstreetbets
-0.84946746	-30.905706	GME	wallstreetbets
-13.501061	2.0176675	GME	wallstreetbets
1.860445	-28.28641	GME	wallstreetbets
-0.9878239	-30.85017	GME	wallstreetbets
9.742691	-2.7137775	GME	wallstreetbets
-11.3585205	34.913204	GME	wallstreetbets
-11.307712	33.929775	GME	wallstreetbets
-2.5420268	-32.891582	GME	wallstreetbets
-6.097074	0.72582495	GME	wallstreetbets
-2.2816384	-32.47302	GME	wallstreetbets
-10.361122	1.20702	GME	wallstreetbets
-11.491706	34.317974	GME	wallstreetbets
-18.149488	3.1193755	GME	wallstreetbets
-2.9434109	-33.908222	GME	wallstreetbets
12.090415	-3.1031165	GME	wallstreetbets
17.204645	21.153648	GME	wallstreetbets
-2.166273	-32.28929	GME	wallstreetbets
-3.411101	0.48583284	GME	wallstreetbets
24.448206	-22.193192	GME	wallstreetbets
11.48795	-3.0145082	GME	wallstreetbets
-2.051406	-32.08541	GME	wallstreetbets
10.649941	-2.951171	GME	wallstreetbets
-2.9287276	-33.89038	GME	wallstreetbets
6.9182673	-1.8672285	GME	wallstreetbets
24.542425	-21.933949	GME	wallstreetbets
-6.5730257	0.79345614	GME	wallstreetbets
23.911537	-21.261557	GME	wallstreetbets
-0.6479016	-0.1528239	GME	wallstreetbets
-12.010191	1.621639	GME	wallstreetbets
-11.245417	1.4667441	GME	wallstreetbets
-1.279304	-30.983334	GME	wallstreetbets
-11.417962	33.630085	GME	wallstreetbets
-0.4630132	-0.18943332	GME	wallstreetbets
17.209902	21.080786	GME	wallstreetbets
-11.419423	33.57877	GME	wallstreetbets
-1.5134674	0.018544955	GME	wallstreetbets
-11.41601	32.572693	GME	wallstreetbets
17.494913	24.42445	GME	wallstreetbets
17.486658	25.369091	GME	wallstreetbets
24.528206	-22.00659	GME	wallstreetbets
8.085576	-2.2932673	GME	wallstreetbets
-11.326413	31.440355	GME	wallstreetbets
-0.6668414	-30.207373	GME	wallstreetbets
24.541794	-21.942371	GME	wallstreetbets
-11.455436	32.09798	GME	wallstreetbets
-1.6375332	-31.429993	GME	wallstreetbets
-1.3917466	-31.094442	GME	wallstreetbets
-11.431959	31.418938	GME	wallstreetbets
-12.29267	1.6823732	GME	wallstreetbets
-2.5048661	0.2740403	GME	wallstreetbets
-2.991441	-33.886494	GME	wallstreetbets
1.9976686	-28.183151	GME	wallstreetbets
17.198334	21.168772	GME	wallstreetbets
-10.718329	1.3899158	GME	wallstreetbets
17.749506	25.60298	GME	wallstreetbets
-14.138115	2.1898031	GME	wallstreetbets
7.7002087	-2.1394775	GME	wallstreetbets
9.855986	-2.754682	GME	wallstreetbets
11.003584	-3.0721345	GME	wallstreetbets
24.322561	-22.392122	GME	wallstreetbets
-17.913116	3.1041596	GME	wallstreetbets
-11.411084	33.832966	GME	wallstreetbets
24.473955	-22.144043	GME	wallstreetbets
-2.2582603	-32.323887	GME	wallstreetbets
11.178932	-3.1219316	GME	wallstreetbets
-11.287063	31.462553	GME	wallstreetbets
-17.862225	3.103962	GME	wallstreetbets
11.248119	-3.1273692	GME	wallstreetbets
8.206528	-2.347839	GME	wallstreetbets
1.9944943	-28.18394	GME	wallstreetbets
-11.13496	1.4476805	GME	wallstreetbets
17.826363	25.763523	GME	wallstreetbets
24.315508	-22.394363	GME	wallstreetbets
-2.8476202	-33.478992	GME	wallstreetbets
-11.286628	31.463356	GME	wallstreetbets
-4.664914	0.6224953	GME	wallstreetbets
17.200104	21.276344	GME	wallstreetbets
-2.653387	-32.886127	GME	wallstreetbets
-2.8355546	-33.480545	GME	wallstreetbets
2.5726	-0.7866845	GME	wallstreetbets
3.4153345	-0.99088806	GME	wallstreetbets
17.698544	25.588985	GME	wallstreetbets
1.2581757	-28.55197	GME	wallstreetbets
-10.33875	1.4506638	GME	wallstreetbets
-4.712149	0.6199065	GME	wallstreetbets
-11.505104	34.530254	GME	wallstreetbets
7.6937532	-2.1589231	GME	wallstreetbets
24.101332	-22.522043	GME	wallstreetbets
2.0046284	-28.178495	GME	wallstreetbets
-0.39897507	-29.928026	GME	wallstreetbets
-9.024222	1.1802793	GME	wallstreetbets
-3.0867095	-33.870533	GME	wallstreetbets
17.519947	24.82691	GME	wallstreetbets
-0.71796733	-30.24347	GME	wallstreetbets
-11.205028	31.63986	GME	wallstreetbets
-2.868928	-33.502975	GME	wallstreetbets
-12.370199	1.7027614	GME	wallstreetbets
1.1638972	-28.621748	GME	wallstreetbets
-10.580985	1.2209707	GME	wallstreetbets
-19.866463	3.2162519	GME	wallstreetbets
-2.7613616	-33.109676	GME	wallstreetbets
-10.515131	1.2079426	GME	wallstreetbets
2.9868562	-0.8651567	GME	wallstreetbets
-1.6957626	-31.498577	GME	wallstreetbets
-2.172495	-32.159046	GME	wallstreetbets
-3.126865	-33.856728	GME	wallstreetbets
-9.858178	1.3092588	GME	wallstreetbets
-1.7879993	-31.481365	GME	wallstreetbets
-0.36566234	-29.890528	GME	wallstreetbets
17.379116	23.317587	GME	wallstreetbets
24.517971	-21.567707	GME	wallstreetbets
24.5181	-21.573795	GME	wallstreetbets
0.5527288	-0.38163847	GME	wallstreetbets
-5.2532697	0.63308257	GME	wallstreetbets
9.356614	-2.6444066	GME	wallstreetbets
17.238914	22.12934	GME	wallstreetbets
-11.486606	32.399586	GME	wallstreetbets
-2.8088472	-33.12507	GME	wallstreetbets
-0.42217484	-29.945284	GME	wallstreetbets
12.1884775	-3.2097838	GME	wallstreetbets
-0.45600015	-0.18954848	GME	wallstreetbets
3.2603471	-0.94507855	GME	wallstreetbets
-1.0749854	-0.07671013	GME	wallstreetbets
-10.423343	1.2081275	GME	wallstreetbets
-11.45646	31.947653	GME	wallstreetbets
-11.519713	34.45044	GME	wallstreetbets
-0.9000928	-30.419544	GME	wallstreetbets
-3.3006434	-33.332836	GME	wallstreetbets
-3.0035367	-33.502354	GME	wallstreetbets
-0.9358904	-0.09974015	GME	wallstreetbets
-19.272999	3.2085238	GME	wallstreetbets
-11.388653	32.80605	GME	wallstreetbets
-0.87491524	-0.112143576	GME	wallstreetbets
17.209003	21.016401	GME	wallstreetbets
17.476717	24.147465	GME	wallstreetbets
-4.2413764	0.61439127	GME	wallstreetbets
-13.750704	2.1016915	GME	wallstreetbets
17.354021	22.647718	GME	wallstreetbets
-2.4261398	-32.45095	GME	wallstreetbets
-11.659216	31.469517	GME	wallstreetbets
17.483252	20.676023	GME	wallstreetbets
-0.7530659	-30.251629	GME	wallstreetbets
-11.289962	35.3979	GME	wallstreetbets
-1.3002602	-30.889038	GME	wallstreetbets
-1.6497189	-31.82769	GME	wallstreetbets
23.743502	-21.405716	GME	wallstreetbets
1.7678511	-0.61942685	GME	wallstreetbets
-12.544156	1.7338513	GME	wallstreetbets
-2.9254081	0.37991032	GME	wallstreetbets
-7.746937	1.0002813	GME	wallstreetbets
-19.65485	3.25389	GME	wallstreetbets
9.789081	-2.7475235	GME	wallstreetbets
5.571506	-1.5119623	GME	wallstreetbets
17.427444	20.718	GME	wallstreetbets
-19.582603	2.7859569	DIS	wallstreetbets
-7.607722	0.97959924	DIS	wallstreetbets
10.239779	-2.7382157	DIS	wallstreetbets
0.70323634	-29.019455	DIS	wallstreetbets
-11.377638	33.072323	DIS	wallstreetbets
-0.8684282	-0.11926907	DIS	wallstreetbets
-1.0467426	-30.446901	DIS	wallstreetbets
-3.2082973	-33.047398	DIS	wallstreetbets
-0.690271	-0.14014883	DIS	wallstreetbets
-10.667709	1.4815679	DIS	wallstreetbets
-12.387701	1.7108978	DIS	wallstreetbets
-1.2831084	-0.028439855	DIS	wallstreetbets
-0.066636615	-0.26103765	DIS	wallstreetbets
17.490227	25.447708	WISH	stocks
-4.654887	0.6691049	TSLA	wallstreetbets
-13.812297	2.109711	TSLA	wallstreetbets
24.135185	-22.51043	TSLA	wallstreetbets
9.310212	-0.7880215	TSLA	wallstreetbets
-13.698749	1.477401	TSLA	wallstreetbets
17.45447	23.010414	TSLA	wallstreetbets
17.437273	22.765749	TSLA	wallstreetbets
-1.7720495	0.069166474	TSLA	wallstreetbets
23.789152	-21.320587	TSLA	wallstreetbets
23.990948	-21.201231	TSLA	wallstreetbets
-1.0207283	-31.48556	TSLA	wallstreetbets
-19.520493	2.7010171	TSLA	wallstreetbets
-3.040001	-33.78427	TSLA	wallstreetbets
-0.5039558	-0.18109034	TSLA	wallstreetbets
0.50228876	-0.37221068	TSLA	wallstreetbets
-16.91449	3.0238497	TSLA	wallstreetbets
-7.0237617	0.89647627	TSLA	wallstreetbets
-11.211656	35.46765	TSLA	wallstreetbets
24.540094	-21.778332	TSLA	wallstreetbets
6.9338317	-1.8916069	TSLA	wallstreetbets
5.1892595	-1.4056864	TSLA	wallstreetbets
-6.5747232	0.7854336	TSLA	wallstreetbets
1.9751409	-0.6630567	TSLA	wallstreetbets
5.9494762	-1.6013631	TSLA	wallstreetbets
-5.98112	0.69361466	TSLA	wallstreetbets
1.4854344	-0.5639048	TSLA	wallstreetbets
1.8524293	-0.63829005	TSLA	wallstreetbets
5.2754235	-1.4241401	TSLA	wallstreetbets
17.24045	22.154299	TSLA	wallstreetbets
-5.2360306	0.6289882	TSLA	wallstreetbets
3.3249776	-0.96414644	TSLA	wallstreetbets
10.7904215	-3.0218837	TSLA	wallstreetbets
-0.2115101	-0.23543935	TSLA	wallstreetbets
7.68785	-2.1947215	TSLA	wallstreetbets
23.610113	-22.139614	TSLA	wallstreetbets
12.013776	-3.0815248	TSLA	wallstreetbets
-2.9644952	-33.239132	TSLA	wallstreetbets
17.450085	23.753704	TSLA	wallstreetbets
23.95416	-22.606552	TSLA	wallstreetbets
-2.9671607	-32.77563	TSLA	wallstreetbets
4.212815	-1.2126255	TSLA	wallstreetbets
1.8290994	-0.63294005	TSLA	wallstreetbets
10.911808	-3.0893223	TSLA	wallstreetbets
-2.5628	-32.358704	TSLA	wallstreetbets
-11.667164	31.671764	TSLA	wallstreetbets
3.519666	-1.0394633	TSLA	wallstreetbets
17.306732	22.43022	TSLA	wallstreetbets
-3.5107605	-33.765984	TSLA	wallstreetbets
-11.659475	31.696224	TSLA	wallstreetbets
-11.502938	34.74007	TSLA	wallstreetbets
-0.84302247	-30.201572	TSLA	wallstreetbets
3.3496215	-0.97901136	TSLA	wallstreetbets
7.4636807	-2.1081128	TSLA	wallstreetbets
-6.8587875	0.8311019	TSLA	wallstreetbets
-1.1010824	-0.063900486	TSLA	wallstreetbets
-17.150026	3.0843477	TSLA	wallstreetbets
6.2338943	-1.6786848	TSLA	wallstreetbets
24.072763	-21.998362	TSLA	wallstreetbets
7.5016837	-2.1307127	TSLA	wallstreetbets
-6.1185894	0.71184707	TSLA	wallstreetbets
1.1686571	-28.586542	TSLA	wallstreetbets
-9.547592	1.2565476	TSLA	wallstreetbets
-10.806812	1.4205866	TSLA	wallstreetbets
-11.576701	32.32455	TSLA	wallstreetbets
10.361173	-3.0166466	TSLA	wallstreetbets
5.4927864	-1.4864837	TSLA	wallstreetbets
11.870685	-3.34455	TSLA	wallstreetbets
17.559443	25.560074	TSLA	wallstreetbets
-1.601829	0.049572974	TSLA	wallstreetbets
-3.6064246	-33.812374	TSLA	wallstreetbets
-19.461525	3.2441366	MSFT	wallstreetbets
0.6176371	-0.3946258	MSFT	wallstreetbets
-5.987193	0.68424356	MSFT	wallstreetbets
-10.939109	34.57218	PYPL	wallstreetbets
17.450806	23.866318	PYPL	wallstreetbets
17.37981	22.480036	PYPL	wallstreetbets
-17.569542	3.0847945	PYPL	wallstreetbets
5.972452	-1.6089164	PYPL	wallstreetbets
-19.443943	3.2423413	PYPL	wallstreetbets
17.303669	22.480947	PYPL	wallstreetbets
24.330149	-21.22823	PYPL	wallstreetbets
0.7918934	-28.882633	PYPL	wallstreetbets
-5.797599	0.6564103	PYPL	wallstreetbets
-13.459543	2.0276449	PYPL	wallstreetbets
-12.887541	1.847726	PYPL	wallstreetbets
-15.811208	2.671997	VIX	wallstreetbets
5.9830565	-1.599803	VIX	wallstreetbets
-5.7010245	0.67475003	VIX	wallstreetbets
-0.24843575	-0.22846621	VIX	wallstreetbets
-19.418133	3.2309976	VIX	wallstreetbets
1.6237595	-28.298166	VIX	wallstreetbets
-1.6638347	-31.216621	VIX	wallstreetbets
4.6010823	-1.3082252	VIX	wallstreetbets
-3.6574886	0.5476475	VIX	wallstreetbets
-5.4099555	1.4592013	VIX	wallstreetbets
3.666905	-1.0154439	VIX	wallstreetbets
-19.358873	2.7762082	VIX	wallstreetbets
-2.8868392	0.29016352	VIX	wallstreetbets
4.8175664	-1.1844964	VIX	wallstreetbets
11.140507	-2.817848	VIX	wallstreetbets
0.035897292	-0.28170937	VIX	wallstreetbets
17.47915	20.740047	VIX	wallstreetbets
5.7410913	-1.5251924	VIX	wallstreetbets
-11.451759	33.85223	VIX	wallstreetbets
0.32789117	-0.33713743	VIX	wallstreetbets
-5.568967	0.63833714	VIX	wallstreetbets
23.611813	-22.093231	VIX	wallstreetbets
12.089866	-3.157212	VIX	wallstreetbets
-3.5105066	0.51601255	VIX	wallstreetbets
10.668752	-2.8790777	VIX	wallstreetbets
-1.2877156	-30.869392	VIX	wallstreetbets
6.9356217	-1.8946242	VIX	wallstreetbets
-11.665332	31.769485	VIX	wallstreetbets
-3.8037877	-34.205162	VIX	wallstreetbets
-0.23805644	-29.702976	VIX	wallstreetbets
-11.722361	31.660643	VIX	wallstreetbets
-9.492436	1.2493192	VIX	wallstreetbets
10.8747635	-3.0758898	VIX	wallstreetbets
-11.547649	34.4598	VIX	wallstreetbets
-18.544943	3.1478686	VIX	wallstreetbets
17.45352	25.282692	VIX	wallstreetbets
-3.5448606	-33.739918	VIX	wallstreetbets
-3.7097442	-34.42644	VIX	wallstreetbets
24.340202	-21.228483	VIX	wallstreetbets
-11.173653	1.4594017	VIX	wallstreetbets
11.950898	-3.360561	VIX	wallstreetbets
11.964781	-3.3551524	VIX	wallstreetbets
11.97836	-3.3506184	VIX	wallstreetbets
17.167244	21.511402	VIX	wallstreetbets
-10.498322	1.4920098	VIX	wallstreetbets
1.9658885	-28.184515	SPY	wallstreetbets
-19.323513	3.2178833	SPY	wallstreetbets
-3.1860518	-33.004574	SPY	wallstreetbets
17.885221	21.610132	SPY	wallstreetbets
-19.285307	2.7881818	SPY	wallstreetbets
23.637232	-22.56505	SPY	wallstreetbets
11.824193	-2.9168663	SPY	wallstreetbets
-11.361477	31.313255	SPY	wallstreetbets
-11.554145	1.4935734	SPY	wallstreetbets
-11.696668	1.55556	SPY	wallstreetbets
8.549129	-2.4429054	SPY	wallstreetbets
17.770123	25.134623	SPY	wallstreetbets
-15.308414	2.5285687	SPY	wallstreetbets
8.071812	-2.2683947	SPY	wallstreetbets
2.273168	-28.104328	SPY	wallstreetbets
17.53688	21.813614	SPY	wallstreetbets
-2.2733948	0.18127611	SPY	wallstreetbets
17.544674	21.462906	SPY	wallstreetbets
-1.8320094	0.10080354	SPY	wallstreetbets
-6.951063	0.85922295	SPY	wallstreetbets
-11.391001	33.105156	SPY	wallstreetbets
11.721803	-3.3012016	SPY	wallstreetbets
1.5339216	-28.3537	SPY	wallstreetbets
-3.9754174	0.5878437	SPY	wallstreetbets
17.535002	25.510307	SPY	wallstreetbets
6.201146	-1.6667812	SPY	wallstreetbets
1.4107771	-0.5497539	SPY	wallstreetbets
-3.7675874	0.55999625	SPY	wallstreetbets
0.84728587	-28.853834	SPY	wallstreetbets
-17.404816	3.107777	SPY	wallstreetbets
-9.811586	1.3064727	SPY	wallstreetbets
-1.7726822	0.08808042	SPY	wallstreetbets
17.621637	25.568966	SPY	wallstreetbets
3.0142124	-0.8827347	SPY	wallstreetbets
9.27202	-2.636471	SPY	wallstreetbets
-11.657555	31.416422	SPY	wallstreetbets
-3.3890278	-33.245567	SPY	wallstreetbets
-4.406887	0.61166537	SPY	wallstreetbets
-3.6897428	-34.86039	SPY	wallstreetbets
-18.725353	3.1647944	SPY	wallstreetbets
7.0663357	-1.9491097	SPY	wallstreetbets
17.432001	20.702208	SPY	wallstreetbets
10.133412	-2.8275337	SPY	wallstreetbets
6.5834875	-1.7825278	SPY	wallstreetbets
17.718111	25.682848	SPY	wallstreetbets
5.194415	-1.4130569	SPY	wallstreetbets
17.447447	25.238688	SPY	wallstreetbets
17.210085	20.964039	SPY	wallstreetbets
17.49257	24.947687	SPY	wallstreetbets
-1.7819383	0.0928349	SPY	wallstreetbets
2.3969116	-0.7517464	SPY	wallstreetbets
17.401754	23.476675	SPY	wallstreetbets
-11.419978	33.070652	SPY	wallstreetbets
-10.491383	1.4876953	SPY	wallstreetbets
-4.176139	0.6106623	SPY	wallstreetbets
-11.520146	34.657795	SPY	wallstreetbets
24.324757	-22.408474	SPY	wallstreetbets
11.826639	-3.3357308	SPY	wallstreetbets
17.500221	24.788017	SPY	wallstreetbets
17.18399	21.650969	SPY	wallstreetbets
11.536871	-3.2643929	SPY	wallstreetbets
24.045004	-22.555277	SPY	wallstreetbets
-5.353312	0.62662905	SPY	wallstreetbets
-8.535787	1.125425	SPY	wallstreetbets
7.793384	-2.2751217	SPY	wallstreetbets
8.2694845	-2.4068372	SPY	wallstreetbets
-3.365386	-33.159664	SPY	wallstreetbets
7.937795	-2.3111756	SPY	wallstreetbets
17.187923	21.815569	SPY	wallstreetbets
17.35135	23.10457	SPY	wallstreetbets
-3.9278584	0.5612889	SPY	wallstreetbets
-10.069049	1.227143	SPY	wallstreetbets
-6.8365827	0.8661609	SPY	wallstreetbets
-13.486856	2.0183249	SPY	wallstreetbets
8.296921	-2.368292	SPY	wallstreetbets
11.124266	-3.1325128	SPY	wallstreetbets
-19.15522	3.2034824	SPY	wallstreetbets
17.191708	22.078667	SPY	wallstreetbets
-3.5387871	-33.741276	SPY	wallstreetbets
-17.943014	3.1131878	SPY	wallstreetbets
17.439133	23.707127	SPY	wallstreetbets
-14.121619	2.1918104	SPY	wallstreetbets
17.268547	22.302118	SPY	wallstreetbets
-3.411409	-33.27911	SPY	wallstreetbets
7.3549123	-2.0618677	SPY	wallstreetbets
24.31494	-21.235525	SPY	wallstreetbets
-2.9753668	-32.77008	SPY	wallstreetbets
17.19805	21.767355	SPY	wallstreetbets
-10.070346	1.3880529	SPY	wallstreetbets
